uid,body,title,url,newspaper_uid,host,n_tokens_title,n_tokens_body
138da0df07817ec6d86015475858ded8,"Tras un a√±o del ataque terrorista en Ciudad Bol√≠var, sigue el clamor por seguridad.Foto: Gustavo Torrijos Zuluaga Por Laura C. Peralta GiraldoPeriodista con enfoque de g√©nero y con inter√©s en temas sociales, pol√≠ticos y de paz. @LauraCPeraltaglperalta@elespectador.comS√≠guenos en Google NoticiasTemas recomendados:Bogot√°Noticias de Bogot√°Noticias Bogot√° hoyCiudad Bol√≠varSeguridadSeguridad en Bogot√°Seguridad Ciudad Bol√≠varArborizadora AltaPremiumEEIr a los comentarios","Tras un a√±o del ataque terrorista en Ciudad Bol√≠var, sigue el clamor por seguridad",https://www.elespectador.com//bogota/tras-un-ano-del-ataque-terrorista-en-ciudad-bolivar-sigue-el-clamor-por-seguridad/,elespectador,www.elespectador.com,9,35
1a950970a855085f2cd7f85cd7afdc4a,"Vereda La Cucuana, en Cajamarca, Tolima. Los emblem√°ticos loros orejiamarillos se resguardan en las √∫ltimas palmas que dejan los cultivos extensivos de aguacate hass.Foto: Terumoto FukudaEn uno de sus incontables viajes, Alexander von Humbolt describi√≥ la palma de cera (Ceroxylon quindiuense) como ‚Äúel bosque sobre el bosque‚Äù, tomando prestada la imagen de la novela francesa Pablo y Virginia, de Jacques Henri Bernardino de Saint-Pierre. Y en su Cosmos. Ensayo de una descripci√≥n f√≠sica del universo, confes√≥ que se conmovi√≥ al borde del llanto cuando vio las monta√±as inundadas de esta palma en lo que hoy es Colombia. Tambi√©n le ocurri√≥ con la estepa de Asia. Por Mar√≠a Paula  Lizarazo@mariap_lizarazomlizarazo@elespectador.comS√≠guenos en Google NoticiasTemas recomendados:Noticias ColombiaAguacate hassGreen SuperFoodLoro orejiamarilloPalma de ceraDeforestaci√≥nPremiumEEIr a los comentarios","Aguacate hass, de un √©xito en el Super Bowl a posible riesgo para un lorito colombiano",https://www.elespectador.com//ambiente/aguacate-hass-de-un-exito-en-el-super-bowl-a-posible-riesgo-para-un-lorito-colombiano/,elespectador,www.elespectador.com,9,69
d4f465f54fc45a61ab5e6cc149c05bf8,"Naufragio de migrantes en en Canal de la Mancha. Foto: Agencia AFPTirana Hassan, quien asumir√° el cargo de directora ejecutiva de Human Rights Watch el lunes, coment√≥ que el plan del Reino Unido para deportar a los solicitantes de asilo a Ruanda ‚Äúerosionar√≠a por completo‚Äù su posici√≥n en el escenario mundial. En declaraciones a The Guardian, afirm√≥: ‚ÄúTodo el mundo deber√≠a preocuparse por esto. No se trata solo de lo que est√° sucediendo en el Reino Unido‚Äù. S√≠guenos en Google NoticiasTemas recomendados:Noticias el mundoEl mundo hoy√∫ltimas noticias en el mundonoticias hoy√∫ltimas noticiasEuropaReino UnidoRuandaMigraci√≥nPremiumEEIr a los comentarios",Dudas legales y sociales: los reparos al plan  migratorio del Reino Unido,https://www.elespectador.com//mundo/europa/dudas-legales-y-sociales-los-reparos-al-plan-migratorio-del-reino-unido-noticias-de-hoy/,elespectador,www.elespectador.com,8,55
d97c60c876fd06ea943a1b5d3ce4e1d4,"Foto de referencia. / Archivo Foto: ArchivoLa Contralor√≠a General de la Rep√∫blica lanz√≥ cinco nuevas alertas por $70.329 millones sobre el sistema de pagos para reclamaciones de accidentes de tr√°nsito sin SOAT que maneja la Administradora de los Recursos del Sistema General de Seguridad Social en Salud (Adres). El total de alertas emitidas hasta ahora asciende a $340.000 millones.Las alertas que emiti√≥ la entidad, a trav√©s de la Direcci√≥n de Informaci√≥n, An√°lisis y Reacci√≥n Inmediata (Diari), tienen que ver con los pagos sin SOAT a veh√≠culos identificados en m√°s de un evento, giros sobre personas muertas antes de la fecha del incidente, reincidencia de accidentes por parte de la v√≠ctima, procedimientos ‚Äúincongruentes con el seco de la v√≠ctima‚Äù y posibles sobrecostos en los procedimientos.As√≠ las cosas, los eventos con mayor reincidencia, involucran recursos por $41.132.016.002 y hacen referencia a quienes tuvieron m√°s de un accidente por semestre. De acuerdo con la entidad, encontraron 12.025 personas involucradas y 26.354 accidentes.Lea: El FMI alert√≥ sobre un aumento de los riesgos para la estabilidad financieraLa Adres, seg√∫n dijo la entidad mediante un comunicado, ha pagado m√°s de $3 millones por cada persona reincidente. Aunque la Diari alert√≥ anteriormente este tema, contin√∫an present√°ndose estos casos. Por ejemplo, ‚Äúun paciente en Cali tuvo 10 accidentes entre abril y diciembre de 2019 (4 en este √∫ltimo mes). No obstante lo anterior continua reportando esta novedad en 2020 (8 veces) y 2021 (2). En los 20 accidentes nunca se pudo identificar el veh√≠culo involucrado, por lo que nunca existi√≥ una p√≥liza SOAT que cubriera el siniestro‚Äù.Por otro lado, la Contralor√≠a evidenci√≥ que hay 4.420 placas que han estado involucradas en m√°s de un evento en el per√≠odo de an√°lisis, donde la Adres ha pagado $28.846 millones en atenciones a las v√≠ctimas. Adem√°s, las placas de los veh√≠culos en las reclamaciones de las IPS por atenciones de salud corresponden a accidentes de tr√°nsito sin SOAT, que ocurrieron entre enero de 2018 y octubre de 2022.Lea tambi√©n: Comenz√≥ a operar la nueva ruta a√©rea Bogot√°-IpialesEl inform√© tambi√©n evidenci√≥ eventos cuya fecha fue posterior al fallecimiento del accidentado, ‚Äúcircunstancia que no es consistente ya que una persona fallecida no es sujeto de un accidente de tr√°nsito. Se identificaron 27 v√≠ctimas en las que la Adres realiz√≥ pagos por m√°s de $198 millones‚Äù.Finalmente, la Contralor√≠a le pidi√≥ a la Adres extremar los controles de los pagos que se generan desde la subcuenta ECAT, ‚Äútoda vez que esta entidad ser√° la llamada a administrar los recursos de la reforma a la salud que se encuentra en tr√°mite‚Äù.üí∞üìàüí± ¬øYa te enteraste de las √∫ltimas noticias econ√≥micas? Te invitamos a verlas en El Espectador.S√≠guenos en Google NoticiasTemas recomendados:SOATContralor√≠a GeneralAlertasAccidentes de tr√°nsitoDiariAdministradora de los Recursos del Sistema General de Seguridad Social en SaludAdresIr a los comentarios",Contralor√≠a realiza nuevas alertas por pagos en accidentes de tr√°nsito sin SOAT,https://www.elespectador.com//economia/contraloria-realiza-nuevas-alertas-por-pagos-en-accidentes-de-transito-sin-soat/,elespectador,www.elespectador.com,8,221
3a8d708d936b02812447dc3a5ce0aa74,Unas impresionantes fotos de miles de j√≥venes pandilleros semidesnudos y hacinados en una gigantesca c√°rcel fueron divulgadas masivamente por el Gobierno de Nayib Bukele como prueba de su exitosa pol√≠tica de mano dura. Detr√°s hay algo m√°s escabroso. S√≠guenos en Google NoticiasTemas recomendados:Nayib BukeleEl caminantePremiumEEColumnistasIr a los comentarios,El ‚Äúmilagro‚Äù Bukele,https://www.elespectador.com//opinion/columnistas/maria-teresa-ronderos/el-milagro-bukele/,elespectador,www.elespectador.com,2,30
8703b7799567a7937d03acb1551578ea,"Preocupa que los entes de control crucen la l√≠nea de los pesos y contrapesos para convertirse en nuevos analistas pol√≠ticos de Presidencia.Foto: Archivo PaLa Procuradur√≠a y la Fiscal√≠a no pueden convertirse en espacios para la participaci√≥n pol√≠tica de oficio. Esta semana, los micr√≥fonos de los medios de comunicaci√≥n estuvieron saturados por declaraciones de la procuradora general, Margarita Cabello, y del fiscal general, Francisco Barbosa, quienes adoptaron tonos m√°s cercanos a la pol√≠tica que al desempe√±o de sus cargos. Pueden, por supuesto, comentar los proyectos de ley y alzar la voz si consideran que hay problemas institucionales para denunciar; pero lo que estamos viendo parece un ejercicio de oposici√≥n pol√≠tica m√°s que de sus funciones. Preocupa que los entes de control crucen la l√≠nea de los pesos y contrapesos constitucionales de esa manera.Se volvi√≥ costumbre que fiscal y procuradora sean los nuevos analistas pol√≠ticos. El director del ente investigador parece sentirse c√≥modo acaparando los reflectores y plante√°ndose como oposici√≥n al gobierno de Gustavo Petro. Lo vimos en sus comentarios al Plan Nacional de Desarrollo y en sus constantes cr√≠ticas a los procesos de paz. No solo en fondo, sino en forma, el fiscal Barbosa parece estar dando discursos pol√≠ticos de tono populista. Para la muestra un bot√≥n: ‚ÄúPablo Escobar estar√≠a feliz con esta ley de sometimiento, el cartel de Cali estar√≠a feliz con esta ley de sometimiento. ¬øQu√© pensar√≠an Rodrigo Lara y Enrique Low Murtra con esta ley de sometimiento? Est√°n ensuciando la dignidad de este pa√≠s‚Äù. ¬øDebe la Fiscal√≠a ayudar e intervenir en la formulaci√≥n y an√°lisis de una ley de sometimiento? Por supuesto. ¬øEst√° facultado el fiscal para hacer juicios de valor tan crudos y difundirlos sin mesura en el debate p√∫blico? Eso es m√°s cuestionable.Lo propio hizo la procuradora. Es dif√≠cil comprender por qu√© la directora del Ministerio P√∫blico se present√≥ a s√≠ misma como la vocera de los gremios para criticar la reforma laboral. De nuevo, las formas son importantes: ‚ÄúPareciera m√°s un pliego de peticiones sindicales que una reforma laboral que beneficie a la totalidad de los trabajadores informales y los empleados de nuestro pa√≠s‚Äù, dijo sobre el proyecto de ley. Al presentar sus reparos al Plan Nacional de Desarrollo, los canales institucionales reprodujeron su discurso en el que habla de ‚Äúdos perlas‚Äù. Lenguaje que uno espera de la oposici√≥n en el Congreso, mas no de la procuradora general de la naci√≥n.No se trata de amordazar a los entes de control, pero tanto la procuradora Cabello como el fiscal Barbosa parecen haber visto en la Presidencia de Gustavo Petro una oportunidad de figuraci√≥n pol√≠tica. Esa no es su funci√≥n. Su rol de vigilancia debe ir acompa√±ado de una coordinaci√≥n con el Estado; sus cr√≠ticas a los proyectos de ley deben ser dentro del marco constitucional. Por el bienestar del pa√≠s, adem√°s, que necesita instituciones respetuosas de los pesos y contrapesos. Cuando muestran politizaci√≥n, la legitimidad de entidades tan importantes como la Fiscal√≠a y la Procuradur√≠a comienza a tambalear.Los procesos hist√≥ricos que est√° viviendo el pa√≠s y las tensiones pol√≠ticas que de ellos se desprenden exigen de las instituciones un comportamiento ejemplar para resguardar la democracia. En el caso del Congreso, eso implica una oposici√≥n pol√≠tica responsable. En el de los entes de control, exige mesura en sus intervenciones p√∫blicas y cumplimiento de sus roles.¬øEst√° en desacuerdo con este editorial? Env√≠e su antieditorial de 500 palabras a elespectadoropinion@gmail.com.Nota del director. Necesitamos lectores como usted para seguir haciendo un periodismo independiente y de calidad. Considere adquirir una suscripci√≥n digital y apost√©mosle al poder de la palabra.S√≠guenos en Google NoticiasTemas recomendados:Margarita CabelloFrancisco barbosaFiscal√≠aProcuradur√≠aIr a los comentarios","Procuradora y fiscal, ¬øactores pol√≠ticos?",https://www.elespectador.com//opinion/editorial/procuradora-y-fiscal-actores-politicos/,elespectador,www.elespectador.com,3,305
908cdc34a227fefa8ac75c2e2e261c32,"Y una procesi√≥n. Hay que haber visto el proceso y la procesi√≥n que motiv√≥ en d√≠as pasados la radicaci√≥n de la reforma laboral. Luces multicolores sobre la columnata de la Casa de Nari√±o, guardia presidencial en vestuario patriota, c√°maras, silletas Rimax, la ministra Ram√≠rez siempre risue√±a, un tanto azorada, y el presidente Petro, como acostumbra, ausente o llegando tarde al ceremonial, de regreso de Medell√≠n, donde andaba en jolgorios de gobierno con el alcalde Quintero. S√≠guenos en Google NoticiasTemas recomendados:Gobierno Petroreforma laboralPremiumEEColumnistas","Cada reforma, un proceso",https://www.elespectador.com//opinion/columnistas/lorenzo-madrigal/cada-reforma-un-proceso/,elespectador,www.elespectador.com,3,49
bcf5fc351898fbcc1c3880929c8530d2,"La ACIDC ejecuta proyectos que han beneficiado a m√°s de 115.000 cundinamarqueses.¬øCu√°ndo empez√≥ a operar Agencia de Comercializaci√≥n e Innovaci√≥n para el Desarrollo de Cundinamarca (ACIDC) y c√≥mo ha sido su desarrollo?Empezamos en 2021 con la misi√≥n de ser una agencia especializada para el fomento de la comercializaci√≥n, generaci√≥n de valor agregado e innovaci√≥n de los territorios, con buenas pr√°cticas comerciales, empresariales e innovadoras. Para 2023 hemos tenido una inversi√≥n total $125.195 millones, y la gesti√≥n de la ACIDC, incluyendo las cosechas que nutren, ha beneficiado de manera directa a 115.500 personas, 6.487 productores y se han transportado cerca de 3.380 toneladas.¬øQu√© tipo de estrategias y proyectos promueven para impulsar estos objetivos?Hemos venido trabajando diferentes proyectos que buscan mejorar la innovaci√≥n, la producci√≥n y la comercializaci√≥n de los productos y servicios caracter√≠sticos de la regi√≥n. Con la Red Progreso Agropecuario hemos fortalecido a los productores cundinamarqueses productiva y comercialmente, a trav√©s de un incentivo econ√≥mico que les permite adquirir agroinsumos hasta por $250.000. A la fecha hemos beneficiado a 40.213 productores y 7.000 caficultores. Tambi√©n, con nuestro programa ‚ÄúCosechas que nutren‚Äù hemos entregado m√°s de 25.100 paquetes nutricionales a familias vulnerables de Cundinamarca.Para seguir impulsando la producci√≥n de los beneficiarios hemos generado una inversi√≥n en infraestructura menor por un valor de $2.500 millones, para adecuar las unidades agroindustruales en el departamento, estas 67 obras de mejora de las unidades permiten que los cundinamarqueses desarrollen sus productos en un ambiente favorable y de mejor calidad.Asimismo hemos ayudado a gestionar la venta de cosechas de campesinos y organizaciones campesinas cundinamarquesas a precios justos y sin intermediarios, a trav√©s de diferentes canales de comercializaci√≥n como: Mercados Campesinos, Compras P√∫blicas, Agroindustria, Kuna Mya, E-commerce, exportaciones, distribuci√≥n capilar, HORECA y Corabastos. Tambi√©n hemos generado 3.330 positivos en todos los canales comerciales, se han beneficiado cerca de 6.487 productores y se han generado ventas por m√°s de $32.567 millones.Por medio del trabajo colaborativo hemos producido sinergias entre aliados estrat√©gicos y organizaciones de productores para mejorar las condiciones de venta de productos y la calidad de vida de los campesinos de Cundinamarca. M√°s de 1.500 productores se han beneficiado directamente con las 25 alianzas firmadas con el Ministerio de Agricultura y Desarrollo Rural, lo que producido ventas por m√°s de $1.800 millones.En cuanto a log√≠stica, la Gobernaci√≥n ha apoyado con transporte a productores cundinamarqueses que trasladan sus cosechas con la flota de 50 camiones de transporte de la Agencia de Comercializaci√≥n, lo que garantiza una disminuci√≥n en fletes y ha impactado a 2.198 productores con un ahorro de m√°s de $800 millones y 3.380 toneladas transportadas.Tambi√©n tenemos un programa pionero en la estrategia de compras, en donde compramos la cosecha de m√°s de 423 cundinamarqueses, lo que ha mejorado las ventas en $1.054 millones.¬øCu√°l es el trabajo que desarrollan con las Plantas de Beneficio Animal (PBA)?Desde 2021 hemos apoyado a los municipios para la adquisici√≥n de maquinaria y equipos a fin de incrementar el porcentaje de cumplimiento de los Planes Graduales de Cumplimiento presentados al INVIMA, y de mejorar las condiciones sanitarias de los productos c√°rnicos y sus derivados. Es un hecho sin precedentes pues se han invertido cerca de $7.200 para el fortalecimiento de PBA en todo Cundinamarca.Al inicio de las operaciones, en 2021, impulsamos PBA en los municipios de Anolaima, Chipaque, F√≥meque, Gachet√°, Girardot, La Calera, La Palma, Pul√≠, San Francisco, Simijaca, Tabio, Tibacuy, √ötica y Zipaquir√°, para un total de 14 PBA intervenidas con una inversi√≥n total de $2.180 millones.Mientras que para 2023 intervenimos en los municipios de Anolaima, Chipaque, Choach√≠, Facatativ√°, F√≥meque, Gachet√°, La Calera, La Palma, Pul√≠, San Francisco, Simijaca, Tabio, Tibacuy, √ötica; y tambi√©n en la Empresa de Servicios Minicipales y Regionales ‚ÄúSer Regionales, y en la Empresa Frigor√≠fico y Plaza de Ferias de Zipaquir√° (EFZ), para un total de 16 PBA mejoradas y una inversi√≥n de $5.100 millones.S√≠guenos en Google NoticiasTemas recomendados:CundinamarcaNicol√°s Garc√≠a BustosGobernaci√≥n de CundinamarcaACIDCAgencia de Comercializaci√≥n e Innovaci√≥n para el Desarrollo de CundinamarcaAbiertoEEIr a los comentarios",El aporte de la ACIDC al progreso y la innovaci√≥n,https://www.elespectador.com//especiales/el-aporte-de-la-acidc-al-progreso-y-la-innovacion/,elespectador,www.elespectador.com,4,314
2cb57053b2fdbe70bb4f2c677d8706ac, S√≠guenos en Google NoticiasTemas recomendados:GazaperaPremiumEEColumnistasIr a los comentarios,¬øCu√°l es la diferencia entre ¬´oferente¬ª y ¬´ofertante¬ª?,https://www.elespectador.com//opinion/columnistas/maria-alejandra-medina-cartagena-gazapera/cual-es-la-diferencia-entre-oferente-y-ofertante/,elespectador,www.elespectador.com,3,6
bd2fb16b5acba49d39517c37d760b328,"realme busca que las tecnolog√≠as de vanguardia sean m√°s accesibles para todosFoto: Cortes√≠a realmerealme, la marca de tel√©fonos inteligentes de m√°s r√°pido crecimiento en el mundo, anunci√≥ una inversi√≥n en recursos de investigaci√≥n y desarrollo (I+D) en un centro denominado Realme Global Institute of Leap-forward Technology, ubicado en Shenzhen, China, con sucursal especializada en India.Este Instituto se suma a otros cuatro importantes estudios de dise√±o a nivel mundial de realme para acelerar innovaciones en t√©rminos de dise√±o de tel√©fonos inteligentes. Los recursos de I+D representan la estrategia y la determinaci√≥n de realme para acelerar innovaciones para el desarrollo de productos futuros.En esta oportunidad, el Instituto de Shenzhen se encargar√° de desarrollar importantes innovaciones tecnol√≥gicas, mientras el centro de investigaci√≥n y desarrollo en India tendr√° la tarea principal de recopilar y clasificar los comentarios de la comunidad de usuarios para guiar el desarrollo de futuros proyectos. Esto conducir√° a una mejora m√°s √°gil y adaptable que permitir√° a Realme ofrecer una mayor velocidad y calidad en sus tecnolog√≠as, productos y marketing.El realme Global Institute of Leap Forward Technology incluye a m√°s de 60 expertos t√©cnicos para supervisar la competencia de futuros productos, mientras realme anunci√≥ la ampliaci√≥n de su equipo de I+D, que ahora cuenta con el 60 % del total de empleados de la marca, apunt√°ndole a la innovaci√≥n en seis puntos claves: cargas r√°pidas, fotograf√≠a, pantallas, juegos, chipset y dise√±o industrial.Adem√°s, el Instituto trabajar√° paralelamente con aliados y laboratorios de la industria m√≥vil (internos y externos), lo que acelerar√° la explotaci√≥n de la demanda de los usuarios y una operaci√≥n m√°s eficiente entre I+D y marketing.Al respecto, Yao Kun, presidente de investigaci√≥n y desarrollo global de realme, dijo: ‚ÄúLa innovaci√≥n permite una transformaci√≥n tecnol√≥gica m√°s r√°pida a trav√©s de inventos que no exist√≠an. Por lo tanto, nos enorgullece anunciar que se estableci√≥ realme Global Institute of Leap-forward Technology para crear un marco de investigaci√≥n para respaldar el crecimiento de nuestro negocio en el futuro y crear tecnolog√≠as avanzadas que necesita el mercado‚Äù.De este modo, cada paso de realme en el desarrollo de productos se basar√° en la estrategia Spire, lo que significa que cada nuevo producto creado estar√° equipado con al menos una de las tecnolog√≠as avanzadas de la siguiente manera: tecnolog√≠a de punta, experiencia, dise√±o y desempe√±o.As√≠, realme se ha dedicado en bridar productos dirigidos a sus fans con tecnolog√≠as de dise√±o m√°s enfocadas. Mediante la estrategia Spire, la marca mejorar√° la experiencia de producto, donde cada uno estar√° respaldado por dise√±os, rendimientos y experiencias superiores. Los tres cimientos ser√°n la base estable de esta ‚Äútorre‚Äù, de toda la experiencia del producto, desde la tecnolog√≠a hasta el dise√±o, el rendimiento y m√°s.Adem√°s, la marca confirma actualizaci√≥n estrat√©gica de su Serie CUn estudio de la marca descubri√≥ que un 70 % de usuarios de la serie C quisieran mayor almacenamiento, 56 % una mejor c√°mara y 50 % gustar√≠a de una carga m√°s r√°pida en sus celulares.Por eso, la marca busca posicionar su serie C como ‚Äúla campeona del segmento‚Äù, con el objetivo de crear ‚Äúun tel√©fono campe√≥n que todo el mundo puede permitirse comprar‚Äù.Con las actualizaciones estrat√©gicas, la nueva serie C lograr√° una tecnolog√≠a l√≠der en su segmento centrada en imagen, almacenamiento, carga r√°pida y dise√±o. Por lo que, para ofrecer una experiencia de usuario mejorada, realme har√° esfuerzos en tres aspectos en la serie C: ofrecer una c√°mara con m√°s p√≠xeles, mayor almacenamiento y carga m√°s r√°pida en sus terminales.Adem√°s, con el objetivo de ofrecer una experiencia de usuario que sobrepase las expectativas, realme incluir√° m√°s caracter√≠sticas innovadoras en la serie C. Con esto, la marca se adhiere a traer dise√±os audaces, t√≠picos de las gamas altas, a los celulares de la serie C, superando todos los dem√°s dise√±os de tel√©fonos en el segmento.Aunque hab√≠a puesto en marcha la estrategia Spire en las series GT y N√∫mero, ahora la marca la incorpora para su serie C mostrando determinaci√≥n para redefinir el tel√©fono en su rango de precios, haciendo de esta una l√≠nea de productos con el est√°ndar de buque insignia.La estrategia Spire ilustra que un producto liderar√° con un gran salto tecnol√≥gico -innovaci√≥n-, para ser parte de la torre de productos insignia de realme. Adem√°s, se apoyar√° en un dise√±o, rendimiento y experiencias superiores, que son los cimientos estables de esta torre.La compa√±√≠a cree que los tel√©fonos de cualquier segmento no tienen por qu√© sacrificar ni degradar sus especificaciones, y por ello la marca promete seguir ofreciendo funciones l√≠deres en cada categor√≠a de smartphones para que superen las expectativas de sus usuarios, sea cual sea el rango de precios en que el consumidor se interese.Con dichas actualizaciones estrat√©gicas en la serie C, Realme ofrecer√° productos con m√°s e interesantes caracter√≠sticas que los har√°n l√≠deres en su segmento. La nueva serie C (mejorada) persigue el objetivo de ser la mejor opci√≥n en su categor√≠a, y Realme ilustra que la C es de ‚ÄúCampe√≥n‚Äù.Adem√°s de promover el concepto de que ‚Äútodos somos campeones en la vida‚Äù, realme pretende que los j√≥venes de todo el mundo crezcan y disfruten de su experiencia de campe√≥n en cada momento.S√≠guenos en Google NoticiasTemas recomendados:realmeTecnolog√≠aTendencias en celularesSmartphonesColombiaIr a los comentarios",realme ampl√≠a recursos de I+D para potenciar tecnolog√≠a de punta ,https://www.elespectador.com//contenido-patrocinado/realme-amplia-recursos-de-id-para-potenciar-tecnologia-de-punta/,elespectador,www.elespectador.com,6,445
40cdae6759a7f02f19b30f9d67f102b0,"El Jefe de Gabinete asegur√≥ que interpondr√° una denuncia ante Fiscal√≠a General de la Naci√≥n.Foto: Alcald√≠a de Bogot√°El empresario, Sergio Venegas, quien anteriormente asegur√≥ que en los cementerios distritales fueron cremados 300 cuerpos de manifestantes y hoy comparece ante la Fiscal√≠a General de la Naci√≥n por dicho pronunciamiento, asegur√≥ ante la misma entidad que el jefe de gabinete de la Alcald√≠a de Bogot√°, Antonio Sanguino, pidi√≥ coimas para direccionar contratos de la Unidad Administrativa Especial de Servicios P√∫blicos (UAESP). Lea: Tras un a√±o del ataque terrorista en Ciudad Bol√≠var, sigue el clamor por seguridad.‚ÄúTodos los contratos que efectu√© en la UAESP son direccionados por √©l (Antonio Sanguino):¬†botadero do√±a Juana, alumbrado p√∫blico y cementerios del distrito‚Äù, afirm√≥ el empresario ante la Fiscal√≠a, agregando que hubo exigencia de pago de coimas para que se le otorgaran dichos contratos. A su vez, indic√≥ haberle entregado una suma de dinero a Luz Amanda Camacho, exdirectora de la UAESP, para quedarse con el contrato de la administraci√≥n de los cementerios de Bogot√°: ‚ÄúEsos $1.050 millones los exigi√≥¬†Camacho en reuniones realizadas por los dos emisarios. Las llam√°bamos mesas de trabajo‚Äù. ‚ÄúPuse como condici√≥n que viniera ella misma. La se√±ora Luz Amanda Camacho lleg√≥ al hotel Tequendama el 19 de mayo de 2021 porque el contrato arrancaba el 1 de julio de 2021, por ende, se deb√≠a entregar la plata para el inicio del contrato, para que nos dejaran firmar acta de inicio‚Äù, agreg√≥. Lea tambi√©n: Anuncian cierres nocturnos en v√≠a La Calera por continuos deslizamientos.Sobre las acusaciones, el jefe de gabinete del Distrito, Antonio Sanguino, manifest√≥ que interpondr√° una denuncia penal en la Fiscal√≠a General de la Naci√≥n por los delitos de falsedad, fraude procesal e injuria y calumnia. ‚ÄúEl sujeto Sergio Alexander Venegas, el mismo que hace unos meses asegur√≥, de manera falsa y fantasiosa, que en los hornos crematorios de los cementerios del Distrito fueron incinerados 300 desaparecidos en el estallido social de 2021, no s√© con qu√© prop√≥sito oscuro hace ahora afirmaciones temerarias e injuriosas que afectan mi reputaci√≥n y mi buen nombre‚Äù, expuso el exsenador. A lo que agreg√≥: ‚ÄúConf√≠o que la justicia investigue y castigue ejemplarmente esta nueva actuaci√≥n delictiva del individuo Vanegas Herrera, que se suma a los varios expedientes judiciales a los que ha sido vinculado este sujeto‚Äù. Para conocer m√°s noticias de la capital y Cundinamarca, visite la secci√≥n Bogot√°  de El Espectador.Por Redacci√≥n Bogot√°Todas las noticias de Bogot√° est√°n aqu√≠. El Espectador, el valor de la informaci√≥n.@bogotaEEbogota@elespectador.comS√≠guenos en Google NoticiasTemas recomendados:Bogot√°Noticias de Bogot√°Noticias Bogot√° hoyAntonio SanguinoJefe de gabinete Alcald√≠a Bogot√°Denuncia Antonio SanguinoJorge VenegasUAESPAlcald√≠a Bogot√°Ir a los comentarios",‚ÄúEs falso‚Äù: Antonio Sanguino sobre acusaci√≥n por direccionamiento de contratos,https://www.elespectador.com//bogota/es-falso-antonio-sanguino-sobre-acusacion-por-direccionamiento-de-contratos/,elespectador,www.elespectador.com,6,239
470ab584d98042e5bf2af522082e6b1f,"AME6051. SANTO DOMINGO (REP√öBLICA DOMINICANA), 25/03/2023.- El presidente de Colombia, Gustavo Petro, asiste a la sesi√≥n plenaria de la XXVIII Cumbre Iberoamericana de Jefes de Estado y de Gobierno hoy, en Santo Domingo (Rep√∫blica Dominicana). EFE/ Orlando Barr√≠a Foto: EFE - Orlando Barr√≠a Jhordan C. Rodr√≠guez@JhordanR11jrodriguez@elespectador.comS√≠guenos en Google NoticiasTemas recomendados:Noticias hoyNoticias ColombiaEmbajadores de ColombiaGustavo PetroMauricio ToroPremiumEEIr a los comentarios",Amiguismo o carrera diplom√°tica: ¬øqu√© tanto ha cumplido Petro con las embajadas?,https://www.elespectador.com//judicial/amiguismo-o-carrera-diplomatica-que-tanto-ha-cumplido-petro-con-las-embajadas/,elespectador,www.elespectador.com,6,39
ab846eaaffc7cf77cf367ad53e3579cf,"Yasneury Arroyave, mujer trans, el d√≠a que regres√≥ a su casa en C√∫cuta.Foto: Unidad de Restituci√≥n23 a√±os despu√©s, Yasneury Arroyave regres√≥ al hogar que tuvo que abandonar en C√∫cuta, cuando a mediados de 1999, paramilitares la amenazaron de muerte. Le dijeron que, si no hu√≠a lo m√°s lejos que pudiese, la iban a asesinar y que no hab√≠a duda de que era una supuesta colaboradora de la guerrilla, como lo sosten√≠a una lista del Bloque Catatumbo de las Autodefensas. S√≠guenos en Google NoticiasTemas recomendados:Noticias hoyNoticias de ColombiaRestituci√≥n de TierrasMasacre La GabarraParamilitarismoPremiumEEIr a los comentarios",Restituyen casa a mujer desplazada durante la barbarie paramilitar en La Gabarra,https://www.elespectador.com//judicial/restituyen-casa-a-mujer-trans-desplazada-por-incursion-paramilitar-en-la-gabarra/,elespectador,www.elespectador.com,7,46
1a5a380ec360c5cf1beeb5c160bc0681,"La Secretar√≠a de Cultura apoyar√° a 38 mujeres para que participen en las jornadas profesionales y en espacios de co-exhibici√≥n en la edici√≥n 35 de la FILBo.Foto: PixabayLa  Secretar√≠a de Cultura, Recreaci√≥n y Deporte abri√≥ dos convocatorias para vincular a mujeres del sector editorial en las jornadas profesionales y de exhibici√≥n de emprendimientos de la Feria Internacional del Libro de Bogot√°, que cumple 35 a√±os.La iniciativa, que se ejecuta bajo el marco del proyecto ‚ÄúRed Distrital de Distritos Creativos: una estrategia con enfoque de g√©nero y derechos humanos, para la reactivaci√≥n social, cultural y econ√≥mica en Bogot√°, como respuesta a la crisis generada por el Covid-19‚Ä≥, apoyar√° a casi 40 mujeres que quieran participar en las dos convocatorias abiertas. Le puede interesar: Zona Gamer, el evento de videojuegos que llega a Bogot√°: conozca c√≥mo participar.La primera convocatoria busca apoyar a 18 mujeres que quieran participar en espacios de circulaci√≥n y coexhibici√≥n en el pabell√≥n que tendr√° la Alcald√≠a de Bogot√° en la FILBo. La segunda, dar√° la oportunidad a 20 mujeres de exponer sus emprendimientos nacientes de la industria editorial en el Sal√≥n Internacional de Negocios que tendr√° lugar los d√≠as 19, 20 y 21 de abril.Quienes est√©n interesadas en participar en cualquiera de las dos convocatorias, tendr√°n hasta el 29 de marzo, a la medianoche, para postularse, teniendo en cuenta, los requerimientos y perfiles solicitados para cada uno de los espacios.¬øEres mujer y haces parte del sector editorial? ¬°Estas convocatorias son para ti!Junto a @FILBogota vinculamos mujeres que participen en las Jornadas Profesionales y en espacios de co-exhibici√≥n en #FILBo35a√±os.¬†Participa:üü£https://t.co/eaMhGYDS2u¬†üü£https://t.co/kawGVOiUFD pic.twitter.com/FrP5AOWzQc‚Äî Secretar√≠a de Cultura de Bogot√° (@CulturaenBta) March 26, 2023  Convocatoria 1: circulaci√≥n y coexhibici√≥n ‚Äú#LEOBOGOT√Å‚ÄùPara la edici√≥n 35 de la FILBo, la Alcald√≠a de Bogot√° tendr√° un pabell√≥n que llevar√° el nombre de ‚Äú#LEOBOGOT√Å: una ciudad que LEO es una ciudad que cuido‚Äù, que hace parte de la pol√≠tica p√∫blica LEO, y que busca propiciar espacios de circulaci√≥n con el fin de que las iniciativas puedan ampliar sus mercados.El pabell√≥n contar√° con un espacio de circulaci√≥n y coexhibici√≥n en el cual estar√°n de manera simult√°nea entre 8 y 10 emprendimientos liderados por mujeres del sector editorial y de aquellas iniciativas femeninas que ofrecen productos y servicios relacionados con la industria, desde la publicaci√≥n hasta la promoci√≥n de la lectura, as√≠ como con actividades y procesos relacionados con estas (dise√±o gr√°fico, ilustraci√≥n, producci√≥n de contenidos, entre otros).Los proyectos seleccionados contar√°n con un panel de exhibici√≥n individual por unos d√≠as asignados dentro de la programaci√≥n del stand en la feria. Tendr√°n tres m√≥dulos para la exposici√≥n de sus productos, como la marcaci√≥n del m√≥dulo con el nombre de la iniciativa o empresa, seg√∫n los est√°ndares de tipograf√≠a y color predeterminados.Le recomendamos: Transmilenio implementar√° nueva ruta que operar√° en la madrugada.Cabe mencionar que las actividades de venta son permitidas por cuenta propia y el pabell√≥n no proporcionar√° infraestructura tecnol√≥gica ni medios de pago para estos fines. De igual manera, las participantes deber√°n tener disponibilidad de tiempo completo durante los d√≠as de la FILBo en los turnos asignados. Los d√≠as y horarios de turno ser√°n asignados entre el 18 de abril y el de 2 mayo, seg√∫n la disponibilidad de programaci√≥n del espacio y bajo el criterio de la SCRD.Perfil de las beneficiariasPodr√°n participar las iniciativas lideradas por mujeres que cumplan con los siguientes requisitos:Personas naturales (mujeres) o jur√≠dicas (representadas legalmente por mujeres) formalmente registradas y constituidas, que desarrollan actividades en Bogot√°.Emprendimientos que ofrecen productos y servicios relacionados con el sector editorial y de publicaciones, la cadena de producci√≥n del libro y la promoci√≥n de la lectura, as√≠ como con actividades y procesos relacionados con estas industrias (dise√±o gr√°fico, ilustraci√≥n, producci√≥n de contenidos, entre otros).Contar con un portafolio de productos y servicios que pueda ampliar su mercado en un espacio de exhibici√≥n en la Feria Internacional del Libro de Bogot√°.Tener por lo menos dos (2) a√±os de operaci√≥n comercial en el sector.Tener disponibilidad de tiempo completo durante los d√≠as de la FILBo en los turnos asignados para atender el espacio de circulaci√≥n en el Pabell√≥n de la SCRD. Los d√≠as y horarios de turnos ser√°n asignados entre el 18 de abril y el 2 de mayo de 2023, seg√∫n disponibilidad de programaci√≥n del espacio y bajo el criterio de la SCRD.Asumir el compromiso de atender los lineamientos de la SCRD al respecto del uso del espacio en el pabell√≥n, las caracter√≠sticas del material y productos para la exhibici√≥n, la l√≠nea gr√°fica y dem√°s directrices relacionadas con su participaci√≥n.Documentos para la postulaci√≥nSe deber√°n enviar junto a la postulaci√≥n los siguientes documentos al correo electr√≥nico: teresaloayza.gestion@gmail.com con el asunto: ‚ÄúConvocatoria Exhibici√≥n FILBO Mujeres Pabell√≥n SCRD‚Äù:Comprobante de diligenciamiento del formulario de postulaci√≥n completo. Las postulaciones deber√°n ser presentadas √∫nicamente a trav√©s del siguiente enlace (una vez diligenciado llegar√° una copia del formulario a su correo electr√≥nico).Portafolio y trayectoria de la empresa o de la persona naturalDocumentos de existencia y representaci√≥n seg√∫n el caso:Personas jur√≠dicas: certificado de existencia y representaci√≥n legal o matr√≠cula mercantil, con expedici√≥n no mayor a 90 d√≠as a la fecha de postulaci√≥n de la empresa o documento equivalente que acredite su existencia y representaci√≥n, expedido por la autoridad competente, seg√∫n la naturaleza jur√≠dica de la postulante y fotocopia de la c√©dula de ciudadan√≠a de la representante legal.Personas naturales: fotocopia de la c√©dula de ciudadan√≠a.Para m√°s informaci√≥n, haga clic en el siguiente enlace. Convocatoria 2: Sal√≥n Internacional de NegociosEl Sal√≥n Internacional de Negocios de la FILBo es el espacio dispuesto para la compra y venta de libros, derechos de edici√≥n y traducci√≥n. All√≠, se gestan relaciones comerciales que permiten internacionalizar la industria y posicionar a los emprendimientos y proyectos.En este pabell√≥n participan gerentes comerciales, directores editoriales, editores, distribuidores, libreros, bibliotecarios, agentes literarios y dem√°s actores presentes en la producci√≥n y comercializaci√≥n de textos y libros.Lea: Conozca los resultados de la convocatoria ‚ÄúProfes a la U‚Äù 2023Para este a√±o, 20 mujeres tendr√°n la oportunidad de participar durante los d√≠as 19, 20 y 21 de abril en el Sal√≥n Internacional de Negocios. Las beneficiarias contar√°n con jornadas preparatorias para garantizar un buen resultado en las reuniones de negocios.Perfil de las beneficiariasPara poder participar, las interesadas deben cumplir con los siguientes requisitos:Estar legalmente constituida como persona jur√≠dica. Se entiende por persona jur√≠dica el sujeto de derecho debidamente constituido en cualquiera de los tipos o modalidades autorizadas por la Ley.La representante legal debe ser mujer acreditada mediante certificado de existencia y representaci√≥n legal expedido por la entidad competente.Tener por lo menos dos (2) a√±os de constituida (fecha de constituci√≥n previa al 20 de marzo de 2021)Tener disponibilidad de tiempo completo durante los tres (3) d√≠as para asistir al Sal√≥n Internacional de Negocios en Corferias (19, 20 y 21 de abril de 2023).Asumir el compromiso de asistir a las jornadas preparatorias para la participaci√≥n en el Sal√≥n Internacional de Negocios que realizar√° la C√°mara Colombiana del Libro.Documentos para la postulaci√≥nSe deber√°n enviar junto a la postulaci√≥n los siguientes documentos al correo electr√≥nico: profesionales@camlibro.com.co con el asunto: ‚ÄúConvocatoria Rueda de Negocios FILBO Mujeres SCRD‚Äù:Comprobante de diligenciamiento del formulario de postulaci√≥n completo (una vez diligenciado llegar√° una copia a su correo electr√≥nico).Lea tambi√©n: Habr√° feria de empleo en Bogot√°: conozca los cargos disponibles.Certificado de existencia y representaci√≥n legal o matr√≠cula mercantil con expedici√≥n no mayor a 90 d√≠as a la fecha de postulaci√≥n de la empresa o documento equivalente que acredite su existencia y representaci√≥n, expedido por la autoridad competente seg√∫n la naturaleza jur√≠dica de la postulante.Fotocopia de la c√©dula de la representante legal.Portafolio y trayectoria de la empresa.Si desea conocer m√°s informaci√≥n sobre la convocatoria, haga click en el siguiente enlace. Para conocer m√°s noticias de la capital y Cundinamarca, visite la secci√≥n Bogot√° de El Espectador.Por Redacci√≥n Bogot√°Todas las noticias de Bogot√° est√°n aqu√≠. El Espectador, el valor de la informaci√≥n.@bogotaEEbogota@elespectador.comS√≠guenos en Google NoticiasTemas recomendados:Bogot√°Noticias Bogot√° hoyNoticias Bogot√°FILBoSecretar√≠a de Cultura Bogot√°Convocatorias Bogot√°Ir a los comentarios","Mujeres del sector editorial podr√°n hacer parte de la FILBo 2023, conozca c√≥mo",https://www.elespectador.com//bogota/mujeres-del-sector-editorial-podran-hacer-parte-de-la-filbo-2023-conozca-como/,elespectador,www.elespectador.com,9,666
a36c400d5007a43f6feedbeabddbcb42,"Con esta provocativa introducci√≥n, se realiz√≥ el segundo foro de la Universidad Nacional sobre la reforma al sistema de salud, moderado nuevamente por Rafael Malag√≥n (Facultad de Odontolog√≠a), con la participaci√≥n de los jurisconsultos Diana Colorado (Facultad de Derecho), Juan Fernando Romero (Ministerio de Salud), Aquiles Arrieta (exmagistrado auxiliar de la Corte Constitucional) y del m√©dico Mario Hern√°ndez (doctorado en Salud P√∫blica). Lo instal√≥ M√°bel Carrillo, decana de la Facultad de Enfermer√≠a.Las ponencias y disertaciones durante el conversatorio posterior garantizan que el proyecto 339, propuesto por la ministra Corcho, interpreta cabalmente el contenido del derecho fundamental a la salud de la Ley 1751, sometida al proceso de control previo por la Corte Constitucional en 2015.Esta premisa debe ser aceptada por los defensores y enemigos de la reforma, respet√°ndole a la ministra el fuero de su convicci√≥n y coherencia cuando advierte que el n√∫cleo fundamental de la reforma no es negociable.La exquisita fundaci√≥n jur√≠dica del evento la caracteriz√≥ Romero, cuando afirm√≥ que el ‚Äúcambio de paradigma, al pasar de la Ley 100 a la 1751, origina meditaciones metaf√≠sicas‚Äù, concluyendo que con la Ley 100 ‚ÄúColombia se qued√≥ rezagada en el derecho fundamental a la salud‚Äù. Acentu√≥ que la Ley 100 no se relaciona con tal derecho, porque crea barreras e inequidades dependientes de la capacidad de pago. Agreg√≥ que la legislaci√≥n estatal desde 1994 interpret√≥ que el derecho a la salud era solamente prestacional e intent√≥ ajustes menores que no resolvieron los problemas estructurales.Colorado expuso la marcada diferencia entre el legislador ordinario y el extraordinario, por la naturaleza de los proyectos de ley. Precis√≥ que ‚Äúes imposible que toda legislaci√≥n que toque un derecho fundamental se deba inscribir como estatutaria‚Äù, porque la articulaci√≥n del ordenamiento jur√≠dico se tramita como ley ordinaria. En otras palabras, se refiere a que la interpretaci√≥n de los derechos fundamentales es inagotable. Esta discusi√≥n fue pertinente, pues algunos parlamentarios han pretendido entrabar el proyecto de la ministra Corcho exigiendo el tr√°mite por la v√≠a extraordinaria. A ese respecto, la afirmaci√≥n del exmagistrado Aquiles Arrieta fue perentoria, al declarar que las leyes estatutarias son una t√©cnica jur√≠dica que permite que cada generaci√≥n ‚Äúpueda administrar la Constituci√≥n‚Äù, y por esa raz√≥n la funci√≥n del control previo de la Corte Constitucional vela para que esas legislaciones no resulten viciadas por ‚Äúinconstitucionales‚Äù. La ense√±anza del exmagistrado Arrieta contribuye al entendimiento de la relaci√≥n del proyecto 339 de la ministra Corcho con la Ley Estatutaria de 2015: ‚ÄúLas leyes estatutarias no declaran los derechos fundamentales: los regulan‚Äù. Insisti√≥ en que en la ingenier√≠a constitucional, en el debate ordinario, se debe definir el objeto del derecho: ‚ÄúEs la capacidad y la potencialidad f√≠sica y mental de las personas para desarrollar su proyecto de vida, en las condiciones materiales y sociales m√°s favorables, cuyos resultados son el buen vivir, el bienestar y la dignidad humana, individual y colectiva‚Äù.El profesor Mario Hern√°ndez relacion√≥ las 22 tutelas revisadas en 2008 por la Corte Constitucional, asociadas con los problemas de regulaci√≥n de los intermediarios, que la llevaron a expedir la Sentencia T-760, que contiene 36 √≥rdenes al Estado, cuya jurisprudencia significa que la atenci√≥n en salud es un derecho fundamental aut√≥nomo, es decir, sin conexidad con otros derechos, pero interrelacionado con los condicionantes sociales de la salud, contenidos en la Observaci√≥n General 14/2000 de Naciones Unidas, que se integr√≥ al bloque de constitucionalidad.Refrend√≥ el ejemplo propuesto por Arrieta: en las circunstancias de las poblaciones marginadas y vulnerables, como en La Guajira, el m√©dico tratante, simult√°neamente con las prescripciones terap√©uticas, puede y debe ordenar agua potable, sostenibilidad alimentaria, saneamiento ambiental, etc.Esta integralidad que reclaman los ciudadanos con el derecho fundamental a la salud soporta constitucionalmente la reforma al sistema vigente, para que se favorezca el disfrute pleno de la salud, mediante la regulaci√≥n de la Ley Estatutaria de 2015.Los agentes del Gobierno, legisladores, periodistas y medios, como los actores del sistema, tienen en este foro la informaci√≥n constitucional y jur√≠dica que acredita el proyecto de reforma a la salud propuesto por la ministra Corcho.S√≠guenos en Google NoticiasTemas recomendados:SaludGobierno PetroIr a los comentarios",‚Äú¬øEl proyecto de reforma a la salud s√≠ desarrolla la Ley Estatutaria?‚Äù,https://www.elespectador.com//opinion/columnistas/fernando-galindo-g-/el-proyecto-de-reforma-a-la-salud-desarrolla-la-ley-estatutaria/,elespectador,www.elespectador.com,6,350
9f505b16dce4c0b2be6130afee12e74a,"Premios entregados durante la pregalaAunque la ceremonia de los Premios India Catalina se inicia a las 8:00 p.m., desde la pregala, ya se entregaron algunas estatuillas.Mejor contenido audiovisual de marca: El Frailej√≥n Ernesto P√©rez, personaje de la serie ‚ÄúCuenticos M√°gicos‚Äù (Se√±al Colombia).Mejor producci√≥n universitaria: ‚ÄúLa historia detr√°s de las cosas‚Äù, de Unimedios (Universidad Nacional de Colombia).Mejor edici√≥n: Carlos Rinc√≥n y Laura G√≥mez por ‚ÄúKuntur, el mensajero del sol‚Äù (Canal TRO).Mejor fotograf√≠a: Arturo Almanza, por el documental ‚ÄúLas voces del r√≠o‚Äù (Se√±al Colombia).Mejor direcci√≥n de arte: Diego Guarnizo por ‚ÄúLas Villamizar‚Äù (Caracol Televisi√≥n).Mejor direcci√≥n musical: Juancho Valencia por ‚ÄúLa sinfon√≠a de los bichos raros‚Äù (Teleantioquia).Inicia la galaLa gala de los Premios India Catalina inicia con la actuaci√≥n en vivo de Puerto Candelaria. Prosigue, con algunos videos de personajes destacados que han sido ganadores de la estatuilla dorada.Laura Barjum y Manuel Gonz√°lez son los presentadores de esta noche, quienes hacen √©nfasis en los premios que ser√°n entregados a las actrices Alejandra Borrero y Juanita Acosta.Mejor actor de Reparto Jorge C√°rdena y Ana Luc√≠a Dom√≠nguez entregaron el premio a Mejor actor de Reparto. Jacques Touckmania fue quien se llev√≥ la estatuilla por ‚ÄúLa Sinfonia de los bichos raros‚Äù. ‚ÄúQuiero agradecer a mi mam√° por los momentos que me ha apoyado en esta carrera, cuando no me apoya a m√≠‚Äù, dijo.La Sinfon√≠a de los Bichos Raros üêûüêõ sigue cosechando √©xitos, esta vez Jacques Toukhmanian se llev√≥ el merecido premio a Mejor Actor de Reparto en los #PremiosIndia2023. ¬°Felicidades! üëèüèºüíö pic.twitter.com/aD7b3QNlqd‚Äî Gobernaci√≥n de Antioquia (@GobAntioquia) March 27, 2023  Mejor actriz de repartoKarla Cajamarca fue la galardonada con el premio ‚ÄúMejor actriz de reparto‚Äù por ‚ÄúLa Sinfonia de los bichos raros‚Äù. La actriz no estuvo presente en la ceremonia para recibir la estatuilla.Karla Cajamarca, es la ganadora en los #PremiosIndia2023 a Mejor Actriz de Reparto por su gran actuaci√≥n en La Sinfon√≠a de los Bichos Raros üêûüêõ. Su interpretaci√≥n ha sido elogiada y reconocida por la industria. ¬°Felicidades! üëèüèºüíö pic.twitter.com/tnbGjYB8ux‚Äî Gobernaci√≥n de Antioquia (@GobAntioquia) March 27, 2023  Mejor documental‚ÄúLas voces del r√≠o‚Äù, de Se√±al Colombia, se alz√≥ con el premio Mejor documental. ‚ÄúUn documental que nos muestra la importancia de nuestro r√≠o amado‚Äù, dijo una de las personas que recibi√≥ el galard√≥n.¬°Gran producci√≥n con un merecido reconocimiento esta noche! ""Las voces del r√≠o"" premio a Mejor Documental en los #PremiosIndia2023. ü§©üèÜ#OrgulloRTVC @RTVCco pic.twitter.com/3aHexBy2TC‚Äî Se√±al Colombia (@SenalColombia) March 27, 2023  Mejor producci√≥n audiovisual‚ÄúEl Frailej√≥n Ernesto P√©rez‚Äù, de Se√±al Colombia, fue galardonada en la categor√≠a Mejor producci√≥n audiovisual. El personaje subi√≥ al escenario y dedic√≥ unas palabras de agradecimiento.Frailej√≥n Ernesto P√©rez, el personaje viral que defiende p√°ramos de Colombia Foto: RTVC Sistema de Medios P√∫blicos / EFE - RTVC Sistema de Medios P√∫blicosMejor producci√≥n transmediaAlejandra Azc√°rate fue quien entreg√≥ el premio en la categor√≠a Mejor Producci√≥n transmedia, que se otorg√≥ por medio de un c√≥digo QR. Sin embargo, le entregaron el sobre incorrecto, entonces tuvo que esperar a que le llevaran el correcto.Finalmente, ‚ÄúNaci√≥n rebelde‚Äù, de Se√±al Colombia, fue quien se alz√≥ con la estatuilla. ‚ÄúEsto es para mis alumnos y mis exalumnos, que vale la pena so√±ar‚Äù, dijo quien recibi√≥ el premio.¬°NACI√ìN REBELDE premio a Mejor Producci√≥n Transmedia en los #PremiosIndia2023! ü§©üèÜ Una serie que traspas√≥ todas las fronteras. #OrgulloRTVC @RTVCco pic.twitter.com/Itn961Rfop‚Äî Se√±al Colombia (@SenalColombia) March 27, 2023  Presentaci√≥n musicalJuan Manuel Restrepo present√≥ a Kaleb Acab, actor mexicano que interpret√≥ a Vicente Fern√°ndez en la serie ‚ÄúEl Rey‚Äù, quien cant√≥ ‚ÄúAy, Chabela‚Äù en el escenario.Mejor producci√≥n audiovisual musical ‚ÄúNaci√≥n Rebelde‚Äù, de Se√±al Colombia, fue galardonada una vez m√°s, pero en esta ocasi√≥n en la categor√≠a Mejor producci√≥n audiovisual musical.Mejor director o directora de ficci√≥nEl actor Juan Fernando S√°nchez fue el encargado de entregar el premio a Mejor director o directora de ficci√≥n. La estatuilla fue otorgada a Lucho Velasco y Pipe Vallejo por ‚ÄúCamisa de fuerza‚Äù de Canal TRO.¬°Que orgullo! Nos llevamos Mejor director de Ficci√≥n y mejor libreto de ficci√≥n con Camisa de Fuerza, con Lucho Velasco y Felipe Vallejo. Gracias por creer en la #Tvp√∫blica del Gran Santander. Lo logramos üíö @CanalTRO pic.twitter.com/Bd1QWbySWN‚Äî Amanda Jaimes M. (@AmandaJaimesM) March 27, 2023  Mejor libreto de ficci√≥nEl actor Juan Fernando S√°nchez tambi√©n entreg√≥ el premio a Mejor libreto de Ficci√≥n, y, una vez m√°s, fue ‚ÄúCamisa de fuerza‚Äù de Canal TRO quien recibi√≥ la estatuilla dorada. ‚ÄúCuando escribes un libreto es un acto de fe‚Äù, dijo Pipe Vallejo.¬°Una noche inolvidable !ü§© Canal TRO recibe el tercer Premio India Catalina ü§© Felipe Vallejo fue el ganador en la categor√≠a Mejor libreto de ficci√≥n , por la producci√≥n ‚ÄúCamisa de Fuerza‚Äùüé¨ pic.twitter.com/ewzfHmEW1M‚Äî Canal TRO (@CanalTRO) March 27, 2023  Mejor producci√≥n de inclusi√≥n socialEl premio en la categor√≠a Mejor producci√≥n de inclusi√≥n social fue para ‚ÄúLa sinfon√≠a de los Bichos Raros‚Äù de Teleantioquia. ‚ÄúCuando amamos la diferencia, en verdad, le hacemos un homenaje a la vida‚Äù, dijo una de las personas que subi√≥ al escenario a recibir el galard√≥n.¬°Felicidades a todo el equipo de La Sinfon√≠a de los Bichos Raros! üêõüêû El premio a Mejor Producci√≥n de Inclusi√≥n Social en los #PremiosIndia2023 es un merecido reconocimiento a su dedicaci√≥n, creatividad y pasi√≥n por la televisi√≥n p√∫blica. üíöüëèüèº pic.twitter.com/ym7DsTofsr‚Äî Gobernaci√≥n de Antioquia (@GobAntioquia) March 27, 2023  Mejor creador de contenido audiovisual digitalFelipe Saruma se llev√≥ el premio a Mejor creador de contenido audiovisual digital, aunque no estuvo presente en la ceremonia.Mejor presentador (a) de producci√≥n de variedadesClaudia Baham√≥n fue la ganadora en la categor√≠a Mejor presentador (a) de producci√≥n de variedades por MasterChef Celebrity. Subi√≥ al escenario con sus hijos y aprovech√≥ para agradecerles. Tambi√©n dedic√≥ la estatuilla al Canal RCN, a su mam√° y su esposo, entre otros.Mejor actor o actriz revelaci√≥n del a√±oEl cantante Silvestre Dangond se alz√≥ con el India Catalina a Mejor actor o actriz revelaci√≥n del a√±o por ‚ÄúLeandro D√≠az‚Äù. El artista no estuvo presente en la ceremonia. Sus padres y su hermano fueron quienes recibieron la estatuilla.Mejor talento favorito del p√∫blicoEn la categor√≠a Mejor talento favorito del p√∫blico, el actor Mario Espitia se alz√≥ con el India Catalina por su papel en ‚ÄúLeandro D√≠az‚Äù. ‚ÄúEs raro que un antagonista sea nominado a Mejor talento favorito del p√∫blico‚Äù, dijo.Homenaje a los artistas que ya no est√°nComo es recurrente en los Premios √ìscar, tambi√©n los India Catalina contaron con un espacio para recordar a los artistas y personalidades que fallecieron durante el √∫ltimo a√±o. Mientras sonaba la canci√≥n ‚ÄúVolverte a ver‚Äù, de Juanes, fueron pasando im√°genes de personajes como Edgardo Rom√°n, Ciro Dur√°n, Fabio Restrepo, Dora Cadavid, Roberto Triana, Jaime Barbini, Fernando Laverde, Marceliano Rodr√≠guez, Jorge Alfonso Zuluaga, Martha Bossio, Manuel Eduardo Su√°rez, Felipe Solarte, Luis Alfredo S√°nchez, Luis Fernando M√∫nera, entre otros.Mejor actriz protag√≥nica Mariana G√≥mez fue galardonada como Mejor actriz protag√≥nica por ‚ÄúArelys Henao: canto para no llorar‚Äù. ‚ÄúNo me quiero sobreactuar, ustedes me dicen cu√°ndo tenga que parar porque hablo mucho‚Äù, dijo. Agradeci√≥ a Caracol Televisi√≥n por la oportunidad de protagonizar la producci√≥n audiovisual. ‚ÄúLa actuaci√≥n en una pasi√≥n tan grande que no les puedo explicar lo que siento por este oficio. Fueron muchos a√±os pedaleando‚Äù, agreg√≥.Mejor actor protag√≥nicoEn la categor√≠a Mejor actor protag√≥nico el ganador fue Diego Le√≥n Hoyos por ‚ÄúEl cubo inquisidor‚Äù. El actor no estuvo presente en la ceremonia.Premio V√≠ctor Nieto a toda una vidaEste a√±o, el Premio V√≠ctor Nieto a toda una vida fue otorgado a Alejandra Borrero. ‚ÄúEl premio a toda una vida genera muchos sentimientos. Lo primero que quiero decir es que este es un premio al amor, a la pasi√≥n que me genera este oficio (‚Ä¶) Ser actor no es f√°cil. Hoy estoy con mi familia. Recibir un premio a toda una vida con los pap√°s es maravilloso. Gracias, sobre todo, al p√∫blico que me ha querido todos estos a√±os. El p√∫blico es quien nos mantiene aqu√≠. Cumplan sus sue√±os: todos merecemos el lugar donde estamos‚Äù, fueron algunas de las palabras que pronunci√≥.Mejor producci√≥n favorita del p√∫blico‚ÄúLeandro D√≠az‚Äù se llev√≥ el India Catalina a Mejor producci√≥n favorita del p√∫blico. Los artistas Silvestre Dangond y Mario Espitia ya hab√≠an recibido estatuillas durante la ceremonia por sus papeles en esta misma serie.Mariana G√≥mez interpreta ‚ÄúSe fue mi √°ngel‚Äù Mariana G√≥mez interpret√≥ la canci√≥n ‚ÄúSe fue mi √°ngel‚Äù de Arelys Henao. ‚ÄúQuiero hacerle un homenaje muy especial a las v√≠ctimas de la guerra‚Äù, dijo antes de iniciar su interpretaci√≥n.S√≠guenos en Google NoticiasTemas recomendados:Premios India CatalinaIndia CatalinaIndustria audiovisualIr a los comentarios",Siga el minuto a minuto de los Premios India Catalina 2023,https://www.elespectador.com//entretenimiento/cine-y-tv/siga-el-minuto-a-minuto-de-los-premios-india-catalina-2023/,elespectador,www.elespectador.com,6,753
